{"cameraMode":{"drawMode":0,"name":"Shaded","section":"Shading Mode"},"sceneLighting":true,"audioPlay":false,"sceneViewState":{"showFog":true,"showMaterialUpdate":false,"showSkybox":true,"showFlares":true,"showImageEffects":true,"showParticleSystems":true,"showVisualEffectGraphs":true,"m_FxEnabled":true},"in2DMode":false,"pivot":{"x":25.248138427734376,"y":5.000004768371582,"z":-0.000003814697265625},"rotation":{"x":0.05745301768183708,"y":0.8812878727912903,"z":-0.11109606176614762,"w":0.45578449964523318},"size":0.12313615530729294,"orthographic":false}